Case_ID,Dice_ET,Dice_TC,Dice_WT
BRATS_368,0.9375345155550101,0.9560475694634735,0.9612672249119982
BRATS_051,0.8828706838185512,0.942157590146906,0.9407750645614723
BRATS_130,0.892563705644201,0.9659066159593895,0.875117057917877
BRATS_141,0.36281179138321995,0.5366205074841911,0.9177505738332058
BRATS_337,0.9271266278747575,0.9754603707222413,0.9787071534195113
BRATS_331,0.7178746751371643,0.674051981252663,0.843124978848692
BRATS_265,0.0,0.9289223643486354,0.9300547957821061
BRATS_329,0.0,0.4914274453130132,0.9125316944570383
BRATS_166,0.9400673127610397,0.9713152761344377,0.9564099759352439
BRATS_149,0.8520838165932112,0.8803159740356636,0.9279053838430225
BRATS_289,0.0,0.6217370180062131,0.9536968909682297
BRATS_025,0.8951301634228463,0.9667100959876626,0.9220363351195923
BRATS_321,1.0,0.7891036406592469,0.9389938211485958
BRATS_092,0.9381780399107661,0.9605543341889294,0.9430539306958428
BRATS_018,0.6380368098159509,0.5685850281263523,0.7953216374269005
BRATS_243,0.7872850296024809,0.8491207034372502,0.9393204864056882
BRATS_221,0.8998965906242166,0.9146438409347211,0.9632732549500647
BRATS_065,0.859551455384126,0.8825507246376811,0.810621225341751
BRATS_180,0.9365047770700637,0.9587907657573841,0.8598991697497926
BRATS_006,0.8097050766658366,0.9267841236421688,0.9333879939672713
BRATS_123,0.8879604178119846,0.9292578648458937,0.9590200685091196
BRATS_091,0.9263838278674301,0.9650167988639119,0.8976428286056732
BRATS_332,0.7990613083015548,0.21473927265730228,0.9644238935547796
BRATS_034,0.8383812346951927,0.9419724770642202,0.9469543631850296
BRATS_075,0.7613706572881517,0.9576058785604188,0.9533932678235417
BRATS_307,0.004132231404958678,0.9011705031181227,0.9284041544003109
BRATS_239,0.8177777777777778,0.7859731609364287,0.9240171423059433
BRATS_061,0.7930656434151021,0.9300567107750473,0.9187260536398467
BRATS_038,0.8006677289627437,0.8546216809742464,0.9064181000237839
BRATS_175,0.9108953314723914,0.9345596808042076,0.952198987310256
BRATS_068,0.8386176704696205,0.9105411706957909,0.9387625712270469
BRATS_121,0.934053220208253,0.9736287707869533,0.9810606320439563
BRATS_310,0.0,0.8373877629941148,0.9287640211959721
BRATS_079,0.6512558346299178,0.8617934300088783,0.7927555408534568
BRATS_200,0.8867355727820844,0.8946723821187997,0.9363275191739786
BRATS_240,0.6347222222222222,0.8684202826462241,0.8892054895483396
BRATS_148,0.6942732205890101,0.7574948233952525,0.8467720517344879
BRATS_328,0.15416141235813366,0.7167482310401796,0.9254203632309908
BRATS_182,0.9111098648421289,0.9389340560072268,0.9294207374251384
BRATS_250,0.6986964618249535,0.18544034090909092,0.887362400836357
BRATS_267,0.8035482475118996,0.5645019560637978,0.8782584284683047
BRATS_324,1.0,0.23595426807883846,0.933729219732023
BRATS_227,0.7605735630798891,0.8348128489063787,0.8328139890991252
BRATS_043,0.6420129622569577,0.8365823610406551,0.8177597729020049
BRATS_249,0.9105894238694069,0.8961798435482646,0.8870676352139711
BRATS_211,0.8843957400833462,0.9582626076748576,0.9344738618827161
BRATS_266,0.0,0.7805060696831152,0.9444513673878243
BRATS_017,0.796691537972121,0.8731422505307855,0.9276626577240075
BRATS_071,0.8211322066298823,0.7648158971361777,0.9178091472352586
BRATS_030,0.789500621481319,0.828186058237741,0.8538665527427699
BRATS_263,0.0,0.23941887806516626,0.890446735395189
BRATS_060,0.8390738724282194,0.9460482725982016,0.9309185743262822
BRATS_361,0.10023866348448687,0.03746592822792062,0.9547755716570998
BRATS_041,0.7636154541222858,0.8942936256458566,0.9441212232777372
BRATS_016,0.6334726601647479,0.8076513138260832,0.922727463608495
BRATS_147,0.16590718869152796,0.4792828564500485,0.863503661030709
BRATS_118,0.937875044122838,0.9608827429437393,0.9598458202842689
BRATS_049,0.8704955791663571,0.9539375928677564,0.915475785239053
BRATS_203,0.8578208232445521,0.9074160699507035,0.9173058724644837
BRATS_125,0.9286541579800788,0.9451346618861002,0.9748077872260078
BRATS_253,0.7878180291001707,0.9426593157728648,0.9578748240939396
BRATS_111,0.9176779463243874,0.9617863088825777,0.9480228910650641
BRATS_109,0.9054390480610996,0.9282055532532117,0.9396919396429166
BRATS_287,0.9218908184720817,0.9142341366549328,0.9710990859528587
BRATS_158,0.6537088456961523,0.7410954803950913,0.8056811043527555
BRATS_161,0.8559953686952746,0.9236668323510616,0.9581041764429845
BRATS_090,0.9133601851058359,0.965821901883283,0.9282399462806834
BRATS_190,0.8469658219018833,0.8392020350783237,0.9187930634863777
BRATS_139,0.8871078543622625,0.9070457101953165,0.8760863470703673
BRATS_294,0.0,0.7323108916038471,0.9447868805687147
BRATS_015,0.8527391874180865,0.8121761235863507,0.9502959333036339
BRATS_248,0.8932483867887204,0.9555587494421205,0.9322488449317422
BRATS_165,0.9197482180324698,0.9480934681464923,0.9623590217521522
BRATS_314,0.891112618724559,0.8341193909176661,0.7811433073623392
BRATS_005,0.7652865772800943,0.8438604579683417,0.7518411253620191
BRATS_150,0.9618181818181818,0.9654493307839388,0.9532653672347144
BRATS_299,0.46867749419953597,0.9548552242279179,0.9662022508024232
BRATS_088,0.8244042391240705,0.9076372631299969,0.8517418700659086
BRATS_354,0.9366233498349835,0.9638117521713471,0.9583085079678082
BRATS_242,0.8324002419317318,0.8817268034871947,0.8680610532315779
BRATS_297,1.0,0.6094473602963878,0.7540114436257358
BRATS_047,0.8567048667956542,0.940685261015422,0.8879919683611961
BRATS_362,0.9072039894871622,0.9584842764086603,0.9634976801692301
BRATS_122,0.9346654397265677,0.9635564745412252,0.9612702181332542
BRATS_144,0.9402846712334386,0.942342746571693,0.935043051388943
BRATS_309,0.7375314861460958,0.8007128372150187,0.9076275651504303
BRATS_115,0.9564791491743633,0.9764711784478002,0.965320488653053
BRATS_152,0.9600609706659748,0.9780401817950134,0.9608397321601078
BRATS_093,0.9424688220216684,0.9544366092513996,0.9703696130054701
BRATS_326,0.2724874070520509,0.5804591854037372,0.9165697711836409
BRATS_024,0.8296190499642936,0.8722177710902234,0.8957164183983698
BRATS_226,0.9282696275916282,0.9542608022916644,0.9380665527527585
BRATS_343,0.9110322398610018,0.9468197600353037,0.9433120588604478
BRATS_312,0.0,0.7692472920310535,0.9017742072178174
BRATS_140,0.8862366960793232,0.9463327370304114,0.9537697684308473
BRATS_286,0.0,0.5689966293282489,0.8938460856851712
BRATS_009,0.7052231673516199,0.8487108063709735,0.900730376349499
BRATS_120,0.888841537040983,0.968879274355763,0.973352369254329
BRATS_176,0.7383122028526149,0.8584840562526119,0.9675360054773648
BRATS_260,0.8136119025007914,0.6930592564395381,0.8051020787624112
BRATS_192,0.935110322883522,0.9734100282179292,0.9488387556399905
BRATS_136,0.8243654822335026,0.8679137976560437,0.8776872977579435
BRATS_167,0.8266337137457295,0.8855378540041425,0.9291825279050261
BRATS_163,0.8670769031113803,0.940877377152202,0.9689596181673747
BRATS_019,0.8017501917091434,0.9199184999871044,0.9077423676906881
BRATS_168,0.851923051250217,0.9109926767357498,0.9372697666969195
BRATS_247,0.9312962317493513,0.9511351086022825,0.9203106796116505
BRATS_202,0.9039048317948322,0.9372694569748187,0.9575456824584528
BRATS_225,0.8372193459159593,0.9433722955569166,0.9586232793368317
BRATS_186,0.9316291460760987,0.9557884282803377,0.921017932015708
BRATS_110,0.9073325127483735,0.8885240518798226,0.7557775940768429
BRATS_131,0.89086859688196,0.8768537128578413,0.9256713310266695
BRATS_151,0.9364652502517175,0.9669900147168199,0.9699040671262893
BRATS_174,0.931306670984456,0.9530647235319332,0.9765258707848982
BRATS_334,0.8538028575552028,0.8429930990934104,0.9626227549382025
BRATS_245,0.8569090122922972,0.9018861814943738,0.9027708124373119
BRATS_039,0.8798605731990705,0.9373571822551414,0.911190069182784
BRATS_316,0.530703386676591,0.6776957387294308,0.9031087629756039
BRATS_208,0.8617874396135266,0.9129395157224551,0.9536182445496266
BRATS_112,0.9580104712041885,0.9823304053955629,0.9676001629458779
BRATS_256,0.8277287798853583,0.9231451494784123,0.9388988506422882
BRATS_199,0.8942124095438281,0.933372550667395,0.9633430736702064
BRATS_259,0.8429929723026044,0.27276610285323766,0.9665385665385665
BRATS_029,0.8762205896029015,0.9440221147201106,0.9367098891813721
BRATS_011,0.7722222222222223,0.9117494457808594,0.9170593697657667
BRATS_002,0.8431357069550801,0.95383360010043,0.9029339222209476
BRATS_187,0.8846004905124565,0.9362359628066109,0.9615453816837595
BRATS_096,0.8939823008849558,0.9444542126884161,0.9709570054256144
BRATS_036,0.8265792610250298,0.8808467053601912,0.875141101216606
BRATS_262,0.0,0.6385061638868745,0.9007701356060102
BRATS_185,0.8908823529411765,0.9418907198612315,0.9427717505345122
BRATS_085,0.6306462821403752,0.834876812860388,0.9123171281434835
BRATS_283,0.8128751210067764,0.7027254631756239,0.9574549804119525
BRATS_270,0.9722711999733856,0.9819039319218742,0.9642074456519864
BRATS_035,0.8030152388871816,0.8707990061462011,0.8804998765897193
BRATS_196,0.9426848049281314,0.9550508452119378,0.933435621242485
BRATS_357,0.8497347081789969,0.8837217811276572,0.9352460383653044
BRATS_172,0.9367957935400794,0.9521561724937995,0.9541509188062036
BRATS_021,0.6776991554439625,0.899905974869647,0.7979397888418748
BRATS_087,0.32558139534883723,0.5506237800220657,0.28333813133736363
BRATS_235,0.9083941056765723,0.9584483466165576,0.962605285349969
BRATS_073,0.843623112961999,0.9520323523334415,0.9215262116260874
BRATS_189,0.951657714391554,0.9662636400978694,0.9450183093062897
BRATS_137,0.8594213695150398,0.9336634889191532,0.9395648370465501
BRATS_107,0.9585892819317942,0.9601405083670781,0.9484664840545566
BRATS_317,0.8855774348057477,0.7952971199416697,0.942718241386599
BRATS_040,0.8861319203361959,0.9545603207258533,0.934689138059847
BRATS_193,0.887114219786559,0.9468037798777098,0.9491950290801013
BRATS_077,0.8757797831748532,0.9480245977592452,0.9337904687270412
BRATS_103,0.9100707495025425,0.9594208608293116,0.9335583803646466
BRATS_157,0.9458828062907926,0.9593698258993527,0.9430013991118681
BRATS_095,0.8895528236273693,0.9023398082744702,0.9741813873847084
BRATS_217,0.9202241349430997,0.9156953333615903,0.8910524294653144
BRATS_081,0.8108353167856738,0.9348699048352495,0.9383057376285298
BRATS_214,0.9138540100031478,0.9378951283004835,0.9714922229059337
BRATS_062,0.9047127516985318,0.9628113535431551,0.9446377214169329
BRATS_322,0.2672413793103448,0.9216039307408841,0.9647108986658588
BRATS_082,0.8089989773889331,0.90385073441842,0.805153135634419
BRATS_113,0.7492644655116051,0.6514803550369312,0.9644464498513299
BRATS_052,0.8704286099379999,0.9480060575466935,0.9167576837098207
BRATS_369,0.9235541369776799,0.9210386935412682,0.9663174098390301
BRATS_089,0.9640152040618151,0.9650480623571213,0.798921320073832
BRATS_356,0.9062975506798213,0.9473161193120803,0.9087035983587708
BRATS_207,0.7830916517191451,0.8589656729900632,0.9038251366120219
BRATS_268,0.0,0.8043457987503497,0.8347467209407508
BRATS_080,0.8221647580347248,0.8462342575538853,0.8972018692667166
BRATS_335,0.0,0.7770661609161864,0.9194640090959733
BRATS_197,0.8844943463283398,0.9380466731668434,0.9506745920814513
BRATS_223,0.9420766494395597,0.9586766826011078,0.9758605385146464
BRATS_360,0.9313593223918067,0.9682912043016421,0.9003158582965752
BRATS_210,0.9207009443443822,0.9436908035441491,0.9436700235442016
BRATS_188,0.8082864154756749,0.8735409668052155,0.8240832311404723
BRATS_320,0.8949585194639439,0.9084944579750485,0.8389229897901391
BRATS_339,0.9342966336841003,0.9664909551122773,0.9435817234822388
BRATS_355,0.947715996578272,0.9758145618209695,0.973599777312217
BRATS_072,0.8953605953969987,0.9479380953888027,0.7721035253215681
BRATS_143,0.7256276132920285,0.9441819340776839,0.9363764977236612
BRATS_277,0.8526001987413051,0.18309972611567585,0.5457748178176729
BRATS_128,0.7550675675675675,0.6564236678653155,0.9059733609348187
BRATS_323,0.000353045013239188,0.8430913348946136,0.9215104740412361
BRATS_218,0.8702379609789106,0.9375688091903139,0.9318131397276006
BRATS_300,0.8401826484018264,0.736257093622281,0.924346132146773
BRATS_206,0.9023342670401494,0.912842404838136,0.8521686010995724
BRATS_037,0.8345905343900187,0.9306984194376363,0.8800319671866231
BRATS_296,0.6870200826934436,0.7823261773396438,0.975134457667129
BRATS_014,0.8284689427369616,0.901489618077991,0.9126215905503369
BRATS_273,0.3271088216355441,0.887622283725646,0.8947132136614625
BRATS_076,0.7509800261340303,0.8202803212137375,0.9026848866862339
BRATS_222,0.9381021194605009,0.8885665699709913,0.9215322492633417
BRATS_100,0.896556132640831,0.968593560626021,0.9662406443663915
BRATS_205,0.9010617760617761,0.924375133518479,0.924065914166717
BRATS_146,0.8742375313957661,0.943995144526212,0.8976025095227426
BRATS_275,0.0,0.010350992754305071,0.5998874360283243
BRATS_117,0.9409,0.9574735878561349,0.9687893868322917
BRATS_023,0.8811658162092585,0.9555953394183078,0.9213715452926303
BRATS_160,0.8346670958114494,0.8847099667293505,0.9185561370024349
BRATS_032,0.8018049636500376,0.9041008917491559,0.8935785243306251
BRATS_204,0.9180891417733523,0.9414620689655172,0.8127283156718896
BRATS_231,0.9134535439617543,0.9415006889640486,0.9804447432735129
BRATS_244,0.7827572978062987,0.9370169615638705,0.9580208985993492
BRATS_352,0.9078646675213199,0.9301666075859625,0.9545295012284054
BRATS_315,0.5170068027210885,0.8529867968070215,0.9825859371573115
BRATS_313,0.49375,0.9007266739974051,0.9524184344130032
BRATS_067,0.8937510115798302,0.958972061667559,0.9504320536520356
BRATS_179,0.8655974315627974,0.9179381872059473,0.9467871633002798
BRATS_341,0.9671387706690854,0.9669995370676543,0.8795431690849016
BRATS_306,0.0,0.754586261820693,0.9148715612671882
BRATS_004,0.8737638161721931,0.9210382513661202,0.9532875329917715
BRATS_007,0.8729621170355202,0.9225191630412264,0.9183074885833447
BRATS_132,0.9050711260723205,0.9298950571528889,0.9161371380267664
BRATS_134,0.775748336216248,0.9021530739109722,0.8961446227633278
BRATS_282,0.7925273935692474,0.5102499064410163,0.9557799541054222
BRATS_026,0.7199724768785543,0.8338349216964833,0.943292061663861
BRATS_228,0.8920568488970267,0.9303784794072492,0.9047191698409216
BRATS_053,0.8446740104358825,0.8547136268775926,0.9557857571114516
BRATS_212,0.7217516336147374,0.8919347871457485,0.9463533507397737
BRATS_353,0.9001564582488266,0.957549294798489,0.9693038592533136
BRATS_056,0.8742253750815394,0.9272288272868975,0.8870020105014542
BRATS_348,0.8740057230016766,0.9264750004412206,0.9779790851050134
BRATS_344,0.6313871384101435,0.6688274026815871,0.9209178835577471
BRATS_063,0.7670953255766483,0.8543985363622504,0.8897996040704338
BRATS_097,0.9173922549612233,0.9687095040930497,0.9562022035785337
BRATS_129,0.810616085869725,0.8049812310075671,0.9421257243453385
BRATS_154,0.9171504614857818,0.9681338028169014,0.9519907164936279
BRATS_074,0.25714007213178675,0.19698841860562524,0.7519029316451881
BRATS_153,0.9585340068131094,0.9704854228981225,0.9481290072031636
BRATS_124,0.9310007729732187,0.9721339510587358,0.9780801594582045
BRATS_304,0.0,0.8058675406690915,0.915325042578489
BRATS_003,0.8532391771568928,0.9135357694287185,0.7693837905043127
BRATS_233,0.8291758762235554,0.8323251124554056,0.9486600511022639
BRATS_027,0.8528720503901476,0.9296062992125984,0.7247143716175586
BRATS_311,0.8650793650793651,0.6253289097357282,0.8531721617024357
BRATS_301,0.5578583765112263,0.7132010669005079,0.90583264230668
BRATS_102,0.8512483390446884,0.9274671340929009,0.9283402094573151
BRATS_013,0.7114972114972115,0.9289699791188855,0.9059430016535357
BRATS_216,0.7875919240540179,0.8986176832221767,0.9541058285597729
BRATS_229,0.9410036315615715,0.9572644808895453,0.9638399243985353
BRATS_291,0.14285714285714285,0.7107588050607728,0.9639870959246823
BRATS_083,0.8760431508243436,0.948913955439545,0.9357795757134327
BRATS_194,0.9192678850611893,0.9722398538803322,0.9517132217904359
BRATS_236,0.6583626132671122,0.8314539898866986,0.9254558098751248
BRATS_086,0.2561576354679803,0.12794612794612795,0.7778754578754579
BRATS_046,0.7927443735303997,0.8318804483188045,0.5850096092248559
BRATS_278,0.0,0.0008711093242201897,0.8921085752227298
BRATS_142,0.9230289161639276,0.9498130289313127,0.9268032599588697
BRATS_054,0.8931451272081818,0.942367833209233,0.917810194104772
BRATS_114,0.9214609309225034,0.9728400752948407,0.9472189159723542
BRATS_336,0.9434038205517199,0.9796475971531609,0.9776347924102949
BRATS_059,0.7371857655892915,0.8640389725420726,0.8277391975308642
BRATS_241,0.8755016233921713,0.9445915056520138,0.9633298208640675
BRATS_246,0.8361603867236393,0.8611595690097485,0.9334674437180132
BRATS_155,0.935175798964947,0.9639629560569333,0.9709430697352484
BRATS_001,0.8832347682574612,0.9384439537025734,0.9164240807002648
BRATS_042,0.8670821642291362,0.9616204425054534,0.9549522556439951
BRATS_333,0.07224418093983312,0.6629102426824611,0.9633382738325386
BRATS_254,0.9357580027299547,0.9627902109401862,0.9756251347099755
BRATS_257,0.9172666414045725,0.9052957663372179,0.9588759896110398
BRATS_177,0.48507899356348744,0.4588266245724809,0.8432118768604695
BRATS_327,0.5256476239492194,0.8924914379699574,0.9668727302968979
BRATS_319,0.0,0.9268840980283767,0.9595570701421225
BRATS_264,0.0,0.8739078200087375,0.9214210027326976
BRATS_261,0.1321083172147002,0.7185543854481184,0.9490997257442665
BRATS_232,0.4916347062420099,0.5909043299746528,0.9257557353379323
BRATS_293,0.8150506353431951,0.5676167879033852,0.8255147615442846
BRATS_066,0.8077858880778589,0.9173302259338383,0.9441822955095317
BRATS_195,0.8357001190003966,0.9275598086124401,0.9401177977970024
BRATS_272,0.0,0.8004469222788476,0.9585265829582328
BRATS_350,0.9642329523365213,0.9807484889802397,0.9773895025690565
BRATS_318,0.26078366809351333,0.8945687756481921,0.955106684833757
BRATS_213,0.8970079866491835,0.8765196043717395,0.9183422095011918
BRATS_255,0.9134589493965523,0.9597466540301889,0.9598032384169314
BRATS_033,0.9035876489773524,0.9581769889118428,0.9541338126395322
BRATS_305,0.0,0.8759595370358094,0.9498721611678186
BRATS_198,0.865538273863983,0.9120921946331143,0.9580669451652046
BRATS_045,0.8923605723901705,0.9601844493157384,0.9453490395144866
BRATS_359,0.9456016832564539,0.9767707727635586,0.9736334480554888
BRATS_330,0.0,0.8871410168977798,0.959384041063929
BRATS_099,0.7185381668140289,0.674039259054465,0.6867294801481273
BRATS_338,0.9503483093723931,0.9741779821814803,0.9555849715541035
BRATS_325,0.0,0.5420560747663551,0.7318193548387096
BRATS_078,0.7886068591358264,0.9227859217726136,0.8423470548100978
BRATS_127,0.9586435070306039,0.9702923235364018,0.9732510052352422
BRATS_126,0.910332326283988,0.914376093364327,0.9194035018300525
BRATS_101,0.8845552660960179,0.9174952225330268,0.9281840352345939
BRATS_365,0.9500024278523218,0.9815533447791968,0.9696538595724645
BRATS_252,0.8831153289213868,0.945638814312297,0.9670103953986049
BRATS_044,0.7325285895806861,0.7482653344435193,0.8279211767971135
BRATS_159,0.691500232234092,0.8663841455814533,0.8612749936870137
BRATS_028,0.6311442033622244,0.8610208373160008,0.8446707249584947
BRATS_292,0.6310022558814051,0.8901106314085268,0.9390060385622715
BRATS_184,0.9205940214836609,0.958426166249397,0.9380894648171183
BRATS_215,0.8666804979253112,0.9232589343682821,0.9133642158057887
BRATS_340,0.9430999805359113,0.9566738979165814,0.9583519816997365
BRATS_162,0.9446383154906252,0.9718194518040368,0.954027098594816
BRATS_290,0.8304371289800324,0.9164947665979066,0.9018028945689079
BRATS_364,0.90392436302965,0.9523848658866072,0.9565482243984533
BRATS_108,0.91539818383746,0.9596478356566398,0.9324824706531158
BRATS_237,0.8954404260039938,0.9095937034673474,0.9568710319160075
BRATS_269,0.0,0.7959167355206695,0.9078500127631561
BRATS_302,0.7326766891308104,0.8866212907331701,0.8957326085919992
BRATS_191,0.9328093697025736,0.9353121660964779,0.9403191413051275
BRATS_345,0.8799485625057408,0.6861233480176211,0.8803303820041923
BRATS_138,0.9057726443161079,0.8038051409554549,0.9359711633669403
BRATS_201,0.8829519258659909,0.949269726039236,0.961143800545814
BRATS_105,0.9337907375643225,0.9631870253571888,0.9234575027314519
BRATS_135,0.8681466493452744,0.863069035411947,0.9366683944804343
BRATS_020,0.7138681190190468,0.8691834042612696,0.8975218079712508
BRATS_279,0.0,0.877345018247507,0.9153866786451786
BRATS_050,0.8419387192925455,0.9616605400298213,0.9399210989115452
BRATS_084,0.8295174016167288,0.9243413526689076,0.9352187870751623
BRATS_349,0.906050065781174,0.9610747995970457,0.9590807647551536
BRATS_008,0.8269848554382745,0.25295508274231676,0.839631223777648
BRATS_281,0.0,0.6448317542012711,0.9050709492905071
BRATS_276,0.8142517814726841,0.9089838690686448,0.932724842114968
BRATS_173,0.845334777116044,0.8193974974796893,0.8777464460207511
BRATS_169,0.9368415246290474,0.9621514753476783,0.9533822758259045
BRATS_219,0.923138539959949,0.9651585820895522,0.886762269731463
BRATS_271,0.6045454545454545,0.9232474808465148,0.9609476216916528
BRATS_064,0.767162531146954,0.9075761555506165,0.8372849672872408
BRATS_342,0.8780334966389427,0.9337204782916848,0.9250501183147334
BRATS_274,0.7768870896392713,0.6890588982536772,0.873276542407502
BRATS_346,0.9386518287496456,0.9812148655935822,0.9718519635753474
BRATS_367,0.9141073406504884,0.9443299882590107,0.9672878885248986
BRATS_284,0.5174574753804835,0.8361587437196152,0.9377163185924156
BRATS_031,0.8579103501436547,0.9053611081738395,0.9033528967400779
BRATS_298,0.0,0.0,0.9174715581721804
BRATS_308,0.6889620516374978,0.7934262853463383,0.9428816003342522
BRATS_058,0.5942848410757946,0.7832608453217352,0.797844570621567
BRATS_358,0.9511497824735861,0.9241092717487567,0.963565577247575
BRATS_234,0.6858069748580697,0.917157375215774,0.9282051972170262
BRATS_366,0.9322145944571574,0.9502192524535393,0.95510116460044
BRATS_164,0.9284211244696703,0.9536256323777403,0.7900616498119037
BRATS_145,0.8076301637446645,0.9011391012104809,0.9273765519855938
BRATS_012,0.829376328844791,0.9201808161496068,0.8621981403438357
BRATS_171,0.7715941863453356,0.863454494223725,0.9057010785824345
BRATS_178,0.9243767938340481,0.9612290902436387,0.9687379796925962
BRATS_048,0.7441981747066493,0.8938727645851656,0.6769503939629342
BRATS_303,0.24751819986763732,0.6661439681295163,0.8628548930399405
BRATS_351,0.9657955297752278,0.9776425384873256,0.9642029119910971
BRATS_181,0.929180007597547,0.9378916798288073,0.9345635773924675
BRATS_057,0.8643519280346662,0.9183471890690592,0.9261900019916351
BRATS_288,0.8806373515004786,0.7384145747410126,0.9388366916065495
BRATS_224,0.907491476599391,0.9534736622096572,0.9591005181623575
BRATS_069,0.8397422695577981,0.9449290532682019,0.767593244843089
BRATS_119,0.8629700446144041,0.9425884682009403,0.7238683875658971
BRATS_258,0.90273794955159,0.9301659702685156,0.939332864752259
BRATS_070,0.7365142387732749,0.7942195419259639,0.919855466833207
BRATS_220,0.8000186658578128,0.8602783377771998,0.8875160244490433
BRATS_098,0.9008051797127916,0.9602148180622534,0.9793300120019285
BRATS_295,0.04240282685512368,0.8003414425949638,0.9147948765546686
BRATS_094,0.8753852928225452,0.28578389572420515,0.7498959345081171
BRATS_010,0.8850277842999139,0.9034743422009013,0.8387505802171428
BRATS_285,0.6201481217096457,0.9324917327834429,0.9633941848324739
BRATS_209,0.8525449445951538,0.9416997856688961,0.9385359996998461
BRATS_116,0.9367693691135406,0.9806449868894115,0.9726679679178254
BRATS_133,0.8393808049535604,0.6241028193872471,0.9337176044191174
BRATS_170,0.9012008166937744,0.9518086768417258,0.9521228264199338
BRATS_280,0.6873278236914601,0.09059233449477352,0.9616137437508571
BRATS_106,0.9289979600667615,0.9597769034698971,0.9536350652087382
BRATS_022,0.8768580988426307,0.9401570263349782,0.9484542090387249
BRATS_363,0.9500346294647274,0.9781772414724851,0.9713766736003281
BRATS_238,0.5051962439333193,0.956584037827769,0.9218686157897126
BRATS_055,0.853881045818256,0.9445561247649309,0.9474679248268711
BRATS_251,0.9466608971585172,0.9550917141049968,0.9674349899984613
BRATS_347,0.9569744358465341,0.9747945289031884,0.9769296420760655
BRATS_230,0.9812057441598835,0.9719746868138964,0.9769577632492862
BRATS_183,0.9385331664580726,0.963557539597373,0.96181650893796
BRATS_104,0.9400305160481718,0.9537405221171182,0.965673837741401
BRATS_156,0.9459705957462332,0.9455294245150103,0.962877374841127
