Case_ID,HD95_WT,HD95_TC,HD95_ET
BRATS_298,2.23606797749979,373.13,373.13
BRATS_275,63.35613624582863,21.75200985385339,373.13
BRATS_282,2.23606797749979,14.352700094407323,9.219544457292887
BRATS_286,5.0,7.8421287749592326,373.13
BRATS_273,13.601470508735444,5.196152422706632,31.448370387032774
BRATS_258,3.0,2.8284271247461903,1.0
BRATS_265,2.23606797749979,2.23606797749979,373.13
BRATS_288,5.830951894845301,9.35938891481655,1.4142135623730951
BRATS_234,2.23606797749979,3.7416573867739413,4.242640687119285
BRATS_237,5.0,2.23606797749979,1.4142135623730951
BRATS_239,7.54983443527075,4.898979485566356,2.23606797749979
BRATS_226,2.449489742783178,1.4142135623730951,1.4142135623730951
BRATS_277,103.24727599312246,105.62362422726306,56.826489151872245
BRATS_227,9.9498743710662,3.0,2.449489742783178
BRATS_246,3.0,4.0,2.449489742783178
BRATS_232,2.449489742783178,13.341664064126334,31.0
BRATS_241,2.0,2.0,2.0
BRATS_274,9.16515138991168,13.19090595827292,5.477225575051661
BRATS_290,6.48074069840786,1.4142135623730951,3.3166247903554
BRATS_281,3.0,15.066519173319364,373.13
BRATS_257,1.4142135623730951,2.8284271247461903,2.23606797749979
BRATS_262,3.1622776601683795,9.055385138137417,373.13
BRATS_255,1.4142135623730951,1.7320508075688772,1.7320508075688772
BRATS_249,8.48528137423857,2.23606797749979,2.0
BRATS_261,3.0,9.0,16.401219466856727
BRATS_270,1.0,1.0,1.0
BRATS_256,3.4641016151377544,4.123105625617661,4.0
BRATS_264,2.23606797749979,4.69041575982343,373.13
BRATS_266,2.0,6.164414002968976,373.13
BRATS_272,3.0,9.273618495495704,373.13
BRATS_238,6.4031242374328485,2.23606797749979,7.0
BRATS_224,1.4142135623730951,2.0,1.4142135623730951
BRATS_276,4.242640687119285,1.4142135623730951,1.4142135623730951
BRATS_269,2.449489742783178,5.0,373.13
BRATS_260,35.52463933666322,7.3484692283495345,4.0
BRATS_250,4.898979485566356,26.47073309349727,3.605551275463989
BRATS_259,1.7320508075688772,23.790754506740637,4.69041575982343
BRATS_271,1.7320508075688772,1.7320508075688772,17.290745982598335
BRATS_251,1.4142135623730951,1.0,1.0
BRATS_263,3.0,16.911534525287763,373.13
BRATS_229,1.4142135623730951,1.4142135623730951,1.4142135623730951
BRATS_236,3.3166247903554,4.58257569495584,4.123105625617661
BRATS_194,2.0,1.0,1.0
BRATS_105,2.449489742783178,1.0,1.0
BRATS_187,2.449489742783178,3.605551275463989,2.23606797749979
BRATS_207,4.58257569495584,3.1622776601683795,3.7416573867739413
BRATS_090,2.449489742783178,1.0,1.0
BRATS_202,1.4142135623730951,2.0,1.4142135623730951
BRATS_104,1.4142135623730951,3.4641016151377544,1.0
BRATS_243,2.23606797749979,36.00414255676273,31.567385256554907
BRATS_198,1.7320508075688772,3.1622776601683795,1.7320508075688772
BRATS_189,2.23606797749979,1.0,1.0
BRATS_204,3.605551275463989,1.4142135623730951,1.4142135623730951
BRATS_242,4.69041575982343,7.483314773547883,3.0
BRATS_210,2.449489742783178,3.3166247903554,2.0
BRATS_235,2.23606797749979,2.23606797749979,1.4142135623730951
BRATS_188,7.0710678118654755,2.23606797749979,2.0
BRATS_197,2.8284271247461903,3.1622776601683795,2.23606797749979
BRATS_225,1.4142135623730951,2.8284271247461903,3.605551275463989
BRATS_093,1.0,1.7320508075688772,1.0
BRATS_109,1.7320508075688772,10.067245882155323,3.605551275463989
BRATS_108,1.7320508075688772,1.0,2.0
BRATS_110,30.870698080866262,1.7320508075688772,1.0
BRATS_092,1.4142135623730951,1.0,1.0
BRATS_252,1.7320508075688772,2.23606797749979,1.7320508075688772
BRATS_240,3.7416573867739413,4.242640687119285,4.358898943540674
BRATS_102,2.0,2.0,1.4142135623730951
BRATS_247,4.58257569495584,2.0,1.0
BRATS_106,2.0,1.4142135623730951,1.0
BRATS_244,1.4142135623730951,2.8284271247461903,2.23606797749979
BRATS_120,3.1622776601683795,1.4142135623730951,1.0
BRATS_094,44.219904095332474,55.50765706367331,1.0
BRATS_114,30.215889859476256,1.0,1.0
BRATS_097,2.0,1.4142135623730951,1.0
BRATS_228,6.4031242374328485,2.23606797749979,1.4142135623730951
BRATS_118,1.4142135623730951,1.0,1.0
BRATS_219,12.449899597988733,1.4142135623730951,1.0
BRATS_216,6.4031242374328485,2.8284271247461903,2.0
BRATS_085,2.0,11.74734012447073,18.466185312619388
BRATS_117,1.0,2.0,1.0
BRATS_095,1.0,2.449489742783178,1.0
BRATS_230,1.0,1.0,1.0
BRATS_100,1.0,1.4142135623730951,1.0
BRATS_101,4.123105625617661,2.8284271247461903,2.23606797749979
BRATS_098,1.0,1.4142135623730951,1.4142135623730951
BRATS_233,1.0,3.0,2.8284271247461903
BRATS_119,35.287391060892865,1.4142135623730951,1.0
BRATS_103,4.358898943540674,1.7320508075688772,1.4142135623730951
BRATS_111,1.4142135623730951,1.0,1.0
BRATS_116,1.0,1.0,1.0
BRATS_253,1.7320508075688772,1.4142135623730951,2.23606797749979
BRATS_096,1.0,1.4142135623730951,1.0
BRATS_113,6.708203932499369,4.242640687119285,12.237225439370343
BRATS_107,1.7320508075688772,1.0,1.0
BRATS_215,2.23606797749979,2.449489742783178,1.4142135623730951
BRATS_231,1.0,2.0,2.23606797749979
BRATS_099,7.483314773547883,12.409673645990857,12.206555615733702
BRATS_267,4.123105625617661,12.36931687685298,2.23606797749979
BRATS_115,1.4142135623730951,1.0,1.0
BRATS_211,2.0,1.4142135623730951,1.0
BRATS_212,3.7416573867739413,4.0,2.23606797749979
BRATS_209,2.23606797749979,1.7320508075688772,1.4142135623730951
BRATS_214,1.0,2.23606797749979,2.449489742783178
BRATS_195,2.23606797749979,2.8284271247461903,2.23606797749979
BRATS_190,3.1622776601683795,3.605551275463989,3.0
BRATS_200,2.449489742783178,1.7320508075688772,1.4142135623730951
BRATS_208,2.449489742783178,3.605551275463989,2.0
BRATS_206,5.385164807134504,1.4142135623730951,1.4142135623730951
BRATS_213,12.36931687685298,4.242640687119285,1.4142135623730951
BRATS_196,2.0,1.4142135623730951,1.4142135623730951
BRATS_245,7.280109889280518,4.123105625617661,4.0
BRATS_193,5.196152422706632,2.0,1.0
BRATS_199,1.4142135623730951,2.449489742783178,2.449489742783178
BRATS_186,3.3166247903554,1.4142135623730951,1.4142135623730951
BRATS_248,3.1622776601683795,1.7320508075688772,1.4142135623730951
BRATS_205,1.4142135623730951,1.0,1.4142135623730951
BRATS_191,3.1622776601683795,3.3166247903554,1.7320508075688772
BRATS_254,1.0,1.4142135623730951,1.4142135623730951
BRATS_203,33.421549934136806,5.830951894845301,2.23606797749979
BRATS_192,1.4142135623730951,1.0,1.0
BRATS_201,1.0,1.4142135623730951,2.23606797749979
BRATS_069,26.19160170741759,1.7320508075688772,1.0
BRATS_076,2.8284271247461903,5.0990195135927845,3.1622776601683795
BRATS_172,1.4142135623730951,1.4142135623730951,1.0
BRATS_087,17.46424919657298,7.14142842854285,7.0710678118654755
BRATS_072,8.0,2.23606797749979,1.4142135623730951
BRATS_057,2.449489742783178,1.4142135623730951,1.4142135623730951
BRATS_156,1.4142135623730951,3.1622776601683795,1.0
BRATS_065,5.385164807134504,1.4142135623730951,1.0
BRATS_162,1.4142135623730951,1.0,1.0
BRATS_061,2.8284271247461903,1.7320508075688772,1.4142135623730951
BRATS_086,84.89375671373233,109.13638240560545,111.60757091632988
BRATS_079,3.605551275463989,1.7320508075688772,3.605551275463989
BRATS_174,1.0,1.4142135623730951,1.4142135623730951
BRATS_082,7.810249675906654,2.0,1.4142135623730951
BRATS_071,8.366600265340756,9.1104335791443,4.242640687119285
BRATS_074,12.68857754044952,36.069377593742864,32.99772570532844
BRATS_067,1.7320508075688772,1.4142135623730951,1.4142135623730951
BRATS_081,1.7320508075688772,1.7320508075688772,1.4142135623730951
BRATS_059,4.58257569495584,6.511419828765506,6.708203932499369
BRATS_077,1.7320508075688772,1.0,1.0
BRATS_163,1.4142135623730951,2.449489742783178,2.23606797749979
BRATS_064,7.0,4.17091965021805,2.23606797749979
BRATS_078,4.69041575982343,1.4142135623730951,1.4142135623730951
BRATS_173,4.0,4.123105625617661,3.1622776601683795
BRATS_166,1.7320508075688772,1.0,1.4142135623730951
BRATS_155,1.0,1.4142135623730951,1.0
BRATS_159,16.087257232386644,2.23606797749979,3.0
BRATS_083,1.7320508075688772,1.0,1.0
BRATS_160,12.884098726725126,6.708203932499369,2.8284271247461903
BRATS_070,2.449489742783178,6.4031242374328485,1.7320508075688772
BRATS_158,9.273618495495704,2.23606797749979,2.23606797749979
BRATS_062,1.7320508075688772,1.4142135623730951,1.0
BRATS_080,2.23606797749979,3.605551275463989,2.23606797749979
BRATS_066,2.23606797749979,1.7320508075688772,1.4142135623730951
BRATS_154,2.0,1.4142135623730951,1.0
BRATS_178,1.4142135623730951,1.4142135623730951,1.4142135623730951
BRATS_063,2.0,2.0,1.4142135623730951
BRATS_183,1.4142135623730951,1.4142135623730951,1.4142135623730951
BRATS_179,3.0,3.0,3.1622776601683795
BRATS_171,6.928203230275509,5.830951894845301,3.7416573867739413
BRATS_091,9.055385138137417,1.0,1.4142135623730951
BRATS_089,17.320508075688775,1.4142135623730951,1.4142135623730951
BRATS_153,2.0,1.0,1.0
BRATS_073,2.0,1.0,1.0
BRATS_175,2.0,4.123105625617661,2.0
BRATS_060,3.7416573867739413,1.7320508075688772,1.0
BRATS_167,2.449489742783178,3.0,3.1622776601683795
BRATS_170,1.7320508075688772,1.4142135623730951,1.0
BRATS_181,1.4142135623730951,1.4142135623730951,1.4142135623730951
BRATS_068,2.23606797749979,3.4641016151377544,1.0
BRATS_184,2.23606797749979,1.4142135623730951,1.0
BRATS_088,5.830951894845301,1.7320508075688772,1.7320508075688772
BRATS_168,2.8284271247461903,5.477225575051661,3.7416573867739413
BRATS_165,1.4142135623730951,1.4142135623730951,1.4142135623730951
BRATS_164,8.774964387392123,1.4142135623730951,1.4142135623730951
BRATS_217,52.07926634198003,2.0,1.0
BRATS_223,1.0,1.4142135623730951,1.0
BRATS_222,2.23606797749979,2.23606797749979,1.0
BRATS_218,20.904544960366874,2.23606797749979,1.4142135623730951
BRATS_220,5.0,6.708203932499369,3.605551275463989
BRATS_221,1.4142135623730951,2.23606797749979,1.7320508075688772
BRATS_137,3.0,3.0,2.23606797749979
BRATS_185,2.23606797749979,1.4142135623730951,1.0
BRATS_176,1.7320508075688772,5.0990195135927845,2.23606797749979
BRATS_182,2.449489742783178,1.4142135623730951,1.0
BRATS_169,2.23606797749979,1.0,1.0
BRATS_157,1.7320508075688772,1.4142135623730951,1.0
BRATS_180,45.749316934791494,1.7320508075688772,1.4142135623730951
BRATS_177,3.3166247903554,10.488088481701515,10.63014581273465
BRATS_161,1.7320508075688772,2.23606797749979,1.4142135623730951
BRATS_150,1.7320508075688772,1.4142135623730951,1.0
BRATS_144,3.0,3.1622776601683795,1.4142135623730951
BRATS_152,1.4142135623730951,1.0,1.0
BRATS_141,4.123105625617661,5.744562646538029,6.164414002968976
BRATS_139,2.8284271247461903,1.4142135623730951,1.4142135623730951
BRATS_143,2.8284271247461903,2.449489742783178,2.449489742783178
BRATS_147,9.848857801796104,12.328828005937952,21.897479502423845
BRATS_148,7.280109889280518,9.692774267140617,6.4031242374328485
BRATS_151,1.0,1.4142135623730951,1.0
BRATS_146,3.1622776601683795,1.7320508075688772,1.4142135623730951
BRATS_138,4.0,8.94427190999916,1.4142135623730951
BRATS_112,1.0,1.0,1.0
BRATS_134,4.58257569495584,7.810249675906654,6.164414002968976
BRATS_126,3.0,3.1622776601683795,1.4142135623730951
BRATS_133,3.1622776601683795,14.7648230602334,1.7320508075688772
BRATS_145,2.449489742783178,4.69041575982343,2.449489742783178
BRATS_128,3.4641016151377544,3.7416573867739413,3.0
BRATS_130,4.47213595499958,1.4142135623730951,1.4142135623730951
BRATS_121,1.0,1.0,1.0
BRATS_127,1.0,1.0,1.0
BRATS_136,7.810249675906654,13.30413469565007,14.317821063276353
BRATS_129,2.23606797749979,2.449489742783178,1.7320508075688772
BRATS_122,1.0,1.0,1.0
BRATS_123,3.3166247903554,6.928203230275509,1.4142135623730951
BRATS_135,2.449489742783178,8.774964387392123,3.0
BRATS_131,2.23606797749979,2.23606797749979,1.4142135623730951
BRATS_132,7.54983443527075,2.0,2.23606797749979
BRATS_140,1.7320508075688772,2.23606797749979,1.4142135623730951
BRATS_124,1.4142135623730951,1.4142135623730951,1.0
BRATS_125,1.0,2.0,1.0
BRATS_142,1.4142135623730951,1.0,1.4142135623730951
BRATS_149,3.3166247903554,5.0,2.23606797749979
BRATS_084,3.0,3.0,2.23606797749979
BRATS_075,2.23606797749979,1.7320508075688772,1.4142135623730951
BRATS_028,5.744562646538029,3.1622776601683795,2.23606797749979
BRATS_009,3.7416573867739413,9.0,5.385164807134504
BRATS_007,2.23606797749979,9.899494936611665,1.0
BRATS_003,5.385164807134504,1.4142135623730951,1.4142135623730951
BRATS_011,6.0,2.23606797749979,2.23606797749979
BRATS_015,2.23606797749979,7.0710678118654755,1.4142135623730951
BRATS_018,4.69041575982343,14.434324619386706,14.317821063276353
BRATS_016,2.23606797749979,5.385164807134504,3.7416573867739413
BRATS_010,4.358898943540674,2.23606797749979,2.0
BRATS_008,6.708203932499369,15.84297951775486,1.7320508075688772
BRATS_023,1.4142135623730951,1.0,1.0
BRATS_013,4.123105625617661,1.4142135623730951,1.4142135623730951
BRATS_004,1.4142135623730951,2.8284271247461903,1.4142135623730951
BRATS_024,3.605551275463989,2.449489742783178,2.23606797749979
BRATS_027,11.224972160321824,3.0,1.4142135623730951
BRATS_046,19.72308292331602,2.862741699796921,2.23606797749979
BRATS_012,18.87723074136546,1.4142135623730951,1.4142135623730951
BRATS_051,1.7320508075688772,1.4142135623730951,1.4142135623730951
BRATS_002,4.47213595499958,1.4142135623730951,1.0
BRATS_044,6.0,5.385164807134504,5.0
BRATS_020,4.358898943540674,5.916079783099616,1.4142135623730951
BRATS_029,1.4142135623730951,1.0,1.0
BRATS_021,4.58257569495584,1.4142135623730951,2.23606797749979
BRATS_026,2.23606797749979,3.7416573867739413,4.0
BRATS_014,3.0,3.3166247903554,1.4142135623730951
BRATS_006,3.0,2.8284271247461903,1.7320508075688772
BRATS_047,7.3484692283495345,2.23606797749979,1.4142135623730951
BRATS_001,4.58257569495584,2.23606797749979,1.4142135623730951
BRATS_050,2.0,1.4142135623730951,1.4142135623730951
BRATS_025,2.449489742783178,1.0,1.0
BRATS_058,7.615773105863909,10.723805294763608,10.44030650891055
BRATS_017,2.23606797749979,3.1622776601683795,2.0
BRATS_054,2.449489742783178,2.0,1.4142135623730951
BRATS_005,13.92838827718412,11.74734012447073,9.273618495495704
BRATS_049,2.23606797749979,1.0,2.449489742783178
BRATS_048,16.278820596099706,1.4142135623730951,1.4142135623730951
BRATS_056,4.47213595499958,2.449489742783178,2.23606797749979
BRATS_019,4.358898943540674,2.23606797749979,1.4142135623730951
BRATS_055,3.0,1.393502884254365,1.4142135623730951
BRATS_043,8.94427190999916,3.1622776601683795,3.0
BRATS_031,4.123105625617661,2.449489742783178,1.4142135623730951
BRATS_036,2.449489742783178,2.0,1.7320508075688772
BRATS_033,1.4142135623730951,1.0,1.0
BRATS_038,3.0,4.123105625617661,2.0
BRATS_040,2.23606797749979,1.7320508075688772,1.4142135623730951
BRATS_022,1.4142135623730951,2.0,1.4142135623730951
BRATS_032,3.0,2.23606797749979,1.4142135623730951
BRATS_041,1.4142135623730951,4.242640687119285,2.23606797749979
BRATS_037,4.242640687119285,2.23606797749979,1.4142135623730951
BRATS_030,4.123105625617661,13.70761407033791,4.58257569495584
BRATS_042,1.4142135623730951,1.4142135623730951,1.0
BRATS_034,1.7320508075688772,2.449489742783178,1.4142135623730951
BRATS_039,2.449489742783178,1.7320508075688772,1.4142135623730951
BRATS_045,1.7320508075688772,1.4142135623730951,1.4142135623730951
BRATS_053,1.4142135623730951,5.0,1.4142135623730951
BRATS_052,2.0,1.4142135623730951,1.0
BRATS_035,4.123105625617661,4.123105625617661,1.4142135623730951
BRATS_354,1.7320508075688772,2.0,1.0
BRATS_268,3.4641016151377544,3.3166247903554,373.13
BRATS_278,6.0,34.26368339802363,373.13
BRATS_279,7.874007874011811,8.0,373.13
BRATS_280,1.4142135623730951,20.346989949375804,18.552550284764166
BRATS_283,1.4142135623730951,6.4031242374328485,3.0
BRATS_284,5.0990195135927845,8.774964387392123,13.292844035381522
BRATS_285,4.123105625617661,2.8284271247461903,4.58257569495584
BRATS_287,1.0,3.3166247903554,3.0
BRATS_289,3.0,10.44030650891055,373.13
BRATS_291,3.0,9.695359714832659,34.47315410039194
BRATS_292,3.0,3.1622776601683795,9.848857801796104
BRATS_293,7.810249675906654,17.4928556845359,9.126848922374473
BRATS_294,2.23606797749979,7.681145747868608,373.13
BRATS_295,1.7320508075688772,3.605551275463989,14.508607896261694
BRATS_296,1.4142135623730951,8.94427190999916,3.605551275463989
BRATS_297,11.704699910719626,10.770329614269007,0.0
BRATS_299,1.4142135623730951,2.0,3.0
BRATS_300,3.0,10.198039027185569,3.6599937199879515
BRATS_301,5.0990195135927845,10.63014581273465,14.45683229480096
BRATS_302,4.242640687119285,4.123105625617661,14.177446878757825
BRATS_303,8.48528137423857,16.401219466856727,15.04983443527075
BRATS_304,2.23606797749979,5.196152422706632,373.13
BRATS_305,3.0,4.0,373.13
BRATS_306,6.4031242374328485,21.817412192772462,373.13
BRATS_307,8.06225774829855,4.58257569495584,20.826649082060076
BRATS_308,5.385164807134504,12.0,9.219544457292887
BRATS_309,4.358898943540674,7.483314773547883,18.002775637731993
BRATS_310,3.3166247903554,6.48074069840786,373.13
BRATS_311,5.0,6.324555320336759,1.0
BRATS_312,4.123105625617661,12.083045973594572,373.13
BRATS_313,3.0,5.0,29.38024894000177
BRATS_314,8.37846837623058,7.368696060129299,1.4142135623730951
BRATS_315,1.0,2.449489742783178,1.4142135623730951
BRATS_316,5.0990195135927845,12.206555615733702,15.264337522473747
BRATS_317,1.4142135623730951,2.8284271247461903,1.4142135623730951
BRATS_318,3.0,5.385164807134504,26.60826939130014
BRATS_319,2.23606797749979,4.123105625617661,373.13
BRATS_320,14.594519519326424,2.0,2.0
BRATS_321,2.23606797749979,5.0,0.0
BRATS_322,1.7320508075688772,3.0,30.236566417873547
BRATS_323,4.123105625617661,7.681145747868608,33.902064104151
BRATS_324,2.23606797749979,20.808652046684813,0.0
BRATS_325,18.05547008526779,7.0,23.271224414156805
BRATS_326,5.477225575051661,15.066519173319364,15.586851864019097
BRATS_327,2.0,5.744562646538029,4.123105625617661
BRATS_328,6.4031242374328485,15.165750888103101,50.6458290484024
BRATS_329,3.0,17.74823934929885,373.13
BRATS_330,1.7320508075688772,3.1622776601683795,373.13
BRATS_331,4.123105625617661,9.638437823651762,2.23606797749979
BRATS_332,1.4142135623730951,22.116734272548374,1.7320508075688772
BRATS_333,2.23606797749979,15.0,11.575836902790225
BRATS_334,2.0,3.4641016151377544,3.4641016151377544
BRATS_335,4.58257569495584,7.211102550927978,373.13
BRATS_336,1.0,1.0,1.0
BRATS_337,1.0,1.0,1.0
BRATS_338,2.0,1.4142135623730951,1.0
BRATS_339,2.8284271247461903,2.0,1.0
BRATS_340,2.0,2.23606797749979,1.0
BRATS_341,3.3166247903554,1.0,1.0
BRATS_342,3.1622776601683795,4.242640687119285,1.4142135623730951
BRATS_343,3.0,2.23606797749979,1.0
BRATS_344,3.0,6.708203932499369,13.538787125194036
BRATS_345,6.6332495807108,10.63014581273465,8.366600265340756
BRATS_346,1.0,1.0,1.0
BRATS_347,1.0,1.0,1.0
BRATS_348,1.0,3.605551275463989,2.23606797749979
BRATS_349,2.23606797749979,2.23606797749979,1.7320508075688772
BRATS_350,1.0,1.0,1.0
BRATS_351,1.0,1.0,1.0
BRATS_352,4.387208196405401,1.4142135623730951,1.4142135623730951
BRATS_353,1.0,1.7320508075688772,1.0
BRATS_355,1.4142135623730951,1.0,1.0
BRATS_356,2.449489742783178,2.23606797749979,1.4142135623730951
BRATS_357,2.23606797749979,4.0,3.7416573867739413
BRATS_358,1.0,3.0,1.0
BRATS_359,1.0,1.0,1.0
BRATS_360,6.48074069840786,2.449489742783178,1.4142135623730951
BRATS_362,2.0,1.7320508075688772,1.0
BRATS_363,1.0,1.0,1.0
BRATS_364,1.4142135623730951,2.23606797749979,1.4142135623730951
BRATS_365,1.4142135623730951,1.0,1.0
BRATS_369,1.4142135623730951,6.0,1.4142135623730951
BRATS_367,1.4142135623730951,2.8284271247461903,1.7320508075688772
BRATS_368,1.4142135623730951,1.4142135623730951,1.0
BRATS_366,1.7320508075688772,1.6843752207896254,1.0
BRATS_361,3.4641016151377544,26.70205984563738,32.54228019054596
